{
  "channelRatioTotal": 0.9999999999999998,
  "defaultRevenue": {
    "monthlySales": 32344100,
    "logistics": 12937640,
    "ingredients": 11643876,
    "packaging": 1293764,
    "platformTotal": 9789893.395526502,
    "fullTimeLabor": 0,
    "partTimeLabor": 2169526.6125,
    "labor": 2169526.6125,
    "utilities": 711570,
    "fixed": 1233570,
    "royalty": 110000,
    "totalCost": 26240630.008026503,
    "profit": 6103469.991973497,
    "margin": 0.1887042765751249,
    "dailySales": 1063950.6578947369,
    "monthlyOrders": 1617.205,
    "bepSales": 10421688.438364072
  },
  "defaultOpeningCost": {
    "area": 12,
    "headquartersGross": 7900000,
    "headquartersDiscount": 7900000,
    "headquartersNet": 0,
    "interior": 12000000,
    "sign": 700000,
    "internalSigns": 1000000,
    "kitchen": 8000000,
    "utensils": 2100000,
    "hallFurniture": 1456332,
    "hallOperatingItems": 602847,
    "gross": 33759179,
    "net": 25859179,
    "vatGuide": 2585917.9000000004,
    "grandTotalWithVatGuide": 28445096.9,
    "seats": 12
  },
  "noWaiverOpeningCost": {
    "area": 12,
    "headquartersGross": 7900000,
    "headquartersDiscount": 0,
    "headquartersNet": 7900000,
    "interior": 12000000,
    "sign": 700000,
    "internalSigns": 1000000,
    "kitchen": 8000000,
    "utensils": 2100000,
    "hallFurniture": 1456332,
    "hallOperatingItems": 602847,
    "gross": 33759179,
    "net": 33759179,
    "vatGuide": 3375917.9000000004,
    "grandTotalWithVatGuide": 37135096.9,
    "seats": 12
  },
  "deliveryOnlyOpeningCost": {
    "area": 12,
    "headquartersGross": 7900000,
    "headquartersDiscount": 7900000,
    "headquartersNet": 0,
    "interior": 12000000,
    "sign": 700000,
    "internalSigns": 1000000,
    "kitchen": 8000000,
    "utensils": 2100000,
    "hallFurniture": 0,
    "hallOperatingItems": 0,
    "gross": 31700000,
    "net": 23800000,
    "vatGuide": 2380000,
    "grandTotalWithVatGuide": 26180000,
    "seats": 0
  }
}
