{
  "channelRatioTotal": 0.9999999999999998,
  "defaultRevenue": {
    "monthlySales": 32344100,
    "logistics": 12937640,
    "ingredients": 11643876,
    "packaging": 1293764,
    "platformTotal": 6620490.184911501,
    "fullTimeLabor": 0,
    "partTimeLabor": 2169526.6125,
    "labor": 2169526.6125,
    "fixed": 1737000,
    "totalCost": 23464656.7974115,
    "profit": 8879443.202588499,
    "margin": 0.2745305388799966,
    "dailySales": 1063950.6578947369,
    "monthlyOrders": 1617.205,
    "bepSales": 10056479.975755792
  },
  "defaultOpeningCost": {
    "area": 12,
    "headquartersGross": 7900000,
    "headquartersDiscount": 7900000,
    "headquartersNet": 0,
    "interior": 12000000,
    "sign": 700000,
    "internalSigns": 1000000,
    "kitchen": 8000000,
    "utensils": 2100000,
    "hallFurniture": 1456332,
    "hallOperatingItems": 575347,
    "gross": 33731679,
    "net": 25831679,
    "vatGuide": 2583167.9000000004,
    "grandTotalWithVatGuide": 28414846.9,
    "seats": 12
  },
  "noWaiverOpeningCost": {
    "area": 12,
    "headquartersGross": 7900000,
    "headquartersDiscount": 0,
    "headquartersNet": 7900000,
    "interior": 12000000,
    "sign": 700000,
    "internalSigns": 1000000,
    "kitchen": 8000000,
    "utensils": 2100000,
    "hallFurniture": 1456332,
    "hallOperatingItems": 575347,
    "gross": 33731679,
    "net": 33731679,
    "vatGuide": 3373167.9000000004,
    "grandTotalWithVatGuide": 37104846.9,
    "seats": 12
  },
  "deliveryOnlyOpeningCost": {
    "area": 12,
    "headquartersGross": 7900000,
    "headquartersDiscount": 7900000,
    "headquartersNet": 0,
    "interior": 12000000,
    "sign": 700000,
    "internalSigns": 1000000,
    "kitchen": 8000000,
    "utensils": 2100000,
    "hallFurniture": 0,
    "hallOperatingItems": 0,
    "gross": 31700000,
    "net": 23800000,
    "vatGuide": 2380000,
    "grandTotalWithVatGuide": 26180000,
    "seats": 0
  }
}
